frame_nmr,car_id,car_bbox,license_plate_bbox,license_plate_bbox_score,license_number,license_number_score
1,1,"[0, 205, 84, 315]",,,,
1,3,"[607, 246, 716, 347]",,,,
1,4,"[742, 163, 1276, 537]","[979.3942718505859, 225.5445785522461, 1070.3950500488281, 278.8413391113281]",0.538540244102478,AFONS,0.7425503134727478
2,1,"[0, 207, 81, 315]",,,,
2,3,"[611, 246, 720, 348]",,,,
2,4,"[742, 163, 1276, 537]",[986.70 224.04 1078.43 279.45],0.0,BMRCL,0.917550265789032
3,1,"[-1, 210, 74, 314]",,,,
3,2,"[481, 310, 593, 471]","[492.7545356750488, 397.5055160522461, 532.5073623657227, 429.9625244140625]",0.7570817470550537,133,0.5181450843811035
3,3,"[617, 246, 726, 348]",,,,
3,4,"[742, 163, 1276, 537]",[994.00 222.53 1086.47 280.05],0.0,BMRCL,0.917550265789032
3,5,"[31, 182, 238, 269]",,,,
4,1,"[-3, 215, 59, 312]",,,,
4,3,"[624, 245, 733, 347]",,,,
4,4,"[742, 163, 1276, 537]",[1001.31 221.02 1094.51 280.66],0.0,BMRCL,0.917550265789032
5,1,"[-6, 224, 42, 313]",,,,
5,3,"[631, 244, 740, 347]",,,,
5,4,"[761, 207, 1291, 631]","[1008.6093444824219, 219.51109218597412, 1102.5503845214844, 281.26818084716797]",0.6951093077659607,BMRCL,0.917550265789032
6,3,"[640, 243, 750, 348]",,,,
6,4,"[742, 163, 1276, 537]",[1004.70 219.59 1092.62 278.62],0.0,BMRCL,0.917550265789032
7,3,"[650, 241, 761, 346]",,,,
7,4,"[742, 163, 1276, 537]",[1000.80 219.66 1082.68 275.98],0.0,BMRCL,0.917550265789032
8,3,"[661, 239, 771, 345]",,,,
8,4,"[742, 163, 1276, 537]",[996.89 219.74 1072.75 273.33],0.0,BMRCL,0.917550265789032
9,3,"[672, 236, 781, 342]",,,,
9,4,"[742, 163, 1276, 537]",[992.99 219.82 1062.81 270.69],0.0,BMRCL,0.917550265789032
10,3,"[683, 235, 792, 340]",,,,
10,4,"[742, 163, 1276, 537]",[989.08 219.89 1052.88 268.04],0.0,BMRCL,0.917550265789032
10,10,"[685, 234, 792, 339]",,,,
11,3,"[692, 233, 801, 339]",,,,
11,4,"[742, 163, 1276, 537]",[985.17 219.97 1042.95 265.40],0.0,BMRCL,0.917550265789032
11,13,"[0, 210, 100, 324]",,,,
12,3,"[700, 232, 810, 338]",,,,
12,4,"[742, 163, 1276, 537]",[981.27 220.04 1033.01 262.76],0.0,BMRCL,0.917550265789032
12,5,"[66, 155, 319, 267]",,,,
12,7,"[642, 214, 694, 281]",,,,
12,13,"[0, 211, 100, 323]",,,,
13,3,"[705, 232, 815, 337]",,,,
13,4,"[852, 189, 1281, 531]","[977.3609924316406, 220.1195068359375, 1023.0789794921875, 260.110595703125]",0.11733833700418472,BMRCL,0.8698331117630005
13,5,"[57, 157, 304, 268]",,,,
13,13,"[0, 214, 96, 325]",,,,
14,5,"[46, 156, 290, 270]",,,,
14,10,"[706, 233, 816, 339]",,,,
14,13,"[-1, 217, 90, 326]",,,,
15,5,"[32, 157, 273, 272]",,,,
15,10,"[702, 234, 814, 341]",,,,
15,13,"[-3, 226, 80, 329]",,,,
15,14,"[694, 246, 721, 274]",,,,
16,5,"[26, 162, 284, 278]",,,,
16,10,"[698, 237, 809, 344]",,,,
16,13,"[-5, 239, 67, 333]",,,,
16,14,"[693, 248, 717, 275]",,,,
17,10,"[692, 239, 803, 346]",,,,
17,13,"[-6, 253, 53, 336]",,,,
18,10,"[685, 243, 796, 350]",,,,
19,10,"[677, 246, 788, 353]",,,,
20,10,"[669, 248, 780, 355]",,,,
21,10,"[661, 251, 772, 356]",,,,
22,3,"[656, 252, 767, 357]",,,,
22,10,"[655, 252, 766, 357]",,,,
22,22,"[641, 262, 672, 295]",,,,
23,3,"[651, 253, 763, 358]",,,,
23,10,"[650, 253, 762, 358]",,,,
23,22,"[637, 264, 668, 296]",,,,
24,10,"[647, 254, 758, 359]",,,,
24,22,"[633, 264, 665, 297]",,,,
24,26,"[429, 254, 467, 290]",,,,
25,10,"[645, 256, 756, 361]",,,,
25,22,"[630, 266, 662, 298]",,,,
25,26,"[418, 255, 461, 291]",,,,
26,10,"[644, 257, 756, 363]",,,,
26,22,"[628, 268, 661, 302]",,,,
26,26,"[412, 256, 462, 294]",,,,
27,10,"[644, 260, 757, 365]",,,,
27,22,"[628, 269, 662, 304]",,,,
27,26,"[407, 255, 462, 296]",,,,
28,22,"[628, 271, 663, 307]",,,,
28,26,"[404, 258, 461, 299]",,,,
29,3,"[648, 264, 761, 370]",,,,
29,22,"[628, 273, 665, 310]",,,,
29,26,"[401, 262, 458, 301]",,,,
30,3,"[649, 266, 763, 371]",,,,
30,22,"[629, 275, 667, 312]",,,,
30,26,"[398, 264, 454, 303]",,,,
31,3,"[651, 267, 765, 373]",,,,
31,22,"[629, 276, 669, 315]",,,,
31,26,"[396, 266, 452, 305]",,,,
31,29,"[905, 205, 1280, 554]","[1057.3883819580078, 239.93233108520508, 1141.474136352539, 289.1418991088867]",0.12515076994895935,IROS,0.5893241167068481
32,3,"[653, 268, 767, 374]",,,,
32,22,"[629, 277, 671, 316]",,,,
32,26,"[394, 266, 448, 305]",,,,
32,29,"[917, 217, 1286, 581]",,,,
33,3,"[656, 269, 770, 375]",,,,
33,22,"[629, 277, 673, 316]",,,,
33,26,"[393, 265, 446, 306]",,,,
33,33,"[498, 300, 528, 344]",,,,
34,3,"[659, 269, 773, 376]",,,,
34,22,"[631, 277, 675, 316]",,,,
34,26,"[391, 265, 442, 306]",,,,
34,33,"[499, 300, 530, 345]",,,,
35,3,"[661, 268, 776, 375]",,,,
35,22,"[632, 277, 677, 316]",,,,
35,26,"[390, 265, 440, 306]",,,,
36,3,"[664, 268, 780, 375]",,,,
36,22,"[632, 276, 679, 317]",,,,
36,26,"[388, 265, 436, 306]",,,,
37,3,"[667, 268, 783, 375]",,,,
37,22,"[634, 277, 681, 317]",,,,
38,3,"[670, 268, 786, 376]",,,,
38,22,"[636, 276, 683, 317]",,,,
38,33,"[502, 297, 539, 346]",,,,
39,2,"[528, 318, 633, 470]","[536.177996635437, 406.1160354614258, 569.2582778930664, 432.94820404052734]",0.6992543935775757,IH,0.7255507111549377
39,3,"[673, 268, 789, 376]",,,,
39,22,"[637, 277, 685, 318]",,,,
39,33,"[502, 296, 540, 347]",,,,
39,34,"[386, 267, 470, 309]",,,,
40,2,"[481, 310, 593, 471]",[538.94 405.91 572.05 432.82],0.0,1,0.9548546075820923
40,3,"[676, 269, 793, 377]",,,,
40,10,"[676, 269, 793, 377]",,,,
40,22,"[639, 278, 686, 319]",,,,
40,34,"[384, 267, 465, 309]",,,,
41,2,"[481, 310, 593, 471]",[541.69 405.71 574.83 432.70],0.0,1,0.9548546075820923
41,3,"[679, 269, 796, 377]",,,,
41,10,"[679, 268, 796, 377]",,,,
41,22,"[641, 278, 688, 319]",,,,
41,34,"[384, 269, 463, 311]",,,,
42,2,"[481, 310, 593, 471]",[544.45 405.51 577.62 432.57],0.0,1,0.9548546075820923
42,3,"[682, 268, 800, 378]",,,,
42,22,"[642, 278, 690, 320]",,,,
42,38,"[505, 301, 541, 352]",,,,
43,2,"[481, 310, 593, 471]",[547.21 405.30 580.41 432.45],0.0,1,0.9548546075820923
43,3,"[686, 268, 804, 378]",,,,
43,22,"[644, 278, 692, 320]",,,,
43,38,"[505, 301, 541, 353]",,,,
43,39,"[317, 293, 353, 332]",,,,
44,2,"[481, 310, 593, 471]",[549.97 405.10 583.20 432.33],0.0,1,0.9548546075820923
44,3,"[689, 267, 807, 377]",,,,
44,22,"[645, 277, 694, 320]",,,,
44,31,"[257, 287, 297, 325]",,,,
44,38,"[505, 300, 542, 353]",,,,
44,39,"[317, 293, 353, 332]",,,,
45,2,"[481, 310, 593, 471]",[552.73 404.89 585.99 432.20],0.0,1,0.9548546075820923
45,3,"[691, 267, 810, 377]",,,,
45,10,"[691, 267, 810, 377]",,,,
45,22,"[647, 276, 697, 319]",,,,
45,31,"[252, 288, 294, 326]",,,,
45,34,"[393, 269, 460, 311]",,,,
45,38,"[505, 298, 544, 353]",,,,
45,39,"[316, 292, 354, 332]",,,,
46,2,"[481, 310, 593, 471]",[555.48 404.69 588.77 432.08],0.0,1,0.9548546075820923
46,10,"[693, 267, 812, 377]",,,,
46,22,"[648, 276, 698, 320]",,,,
46,31,"[247, 288, 289, 326]",,,,
46,34,"[385, 267, 455, 311]",,,,
46,38,"[503, 295, 544, 353]",,,,
46,39,"[312, 288, 354, 331]",,,,
47,2,"[553, 324, 652, 470]","[558.2428722381592, 404.4868698120117, 591.5616455078125, 431.9520721435547]",0.6792131662368774,IH,0.6525428891181946
47,10,"[694, 267, 813, 377]",,,,
47,22,"[647, 276, 698, 320]",,,,
47,31,"[241, 289, 285, 327]",,,,
47,34,"[376, 267, 449, 312]",,,,
47,38,"[501, 294, 543, 353]",,,,
47,39,"[308, 289, 349, 333]",,,,
48,10,"[694, 267, 814, 377]",,,,
48,22,"[646, 276, 696, 320]",,,,
48,31,"[234, 290, 280, 329]",,,,
48,32,"[459, 267, 501, 303]",,,,
48,34,"[369, 266, 444, 313]",,,,
48,38,"[497, 290, 542, 352]",,,,
49,10,"[694, 267, 814, 377]","[738.3125877380371, 325.4874725341797, 775.5142288208008, 338.41736602783203]",0.7390788793563843,CA51REN00,0.5501575469970703
49,22,"[643, 276, 693, 321]",,,,
49,31,"[226, 289, 273, 329]",,,,
49,32,"[454, 267, 495, 304]",,,,
49,34,"[360, 266, 437, 313]",,,,
49,38,"[493, 294, 537, 356]",,,,
49,40,"[1034, 636, 1218, 719]",,,,
50,10,"[694, 267, 814, 378]",,,,
50,22,"[640, 276, 690, 323]",,,,
50,31,"[218, 292, 267, 331]",,,,
50,32,"[448, 267, 489, 305]",,,,
50,34,"[353, 266, 430, 314]",,,,
50,38,"[489, 299, 532, 358]",,,,
51,10,"[694, 267, 814, 378]",,,,
51,22,"[638, 278, 689, 325]",,,,
51,31,"[209, 292, 259, 331]",,,,
51,32,"[441, 267, 483, 306]",,,,
51,34,"[345, 266, 422, 314]",,,,
51,38,"[485, 301, 527, 360]",,,,
52,10,"[693, 267, 814, 379]",,,,
52,22,"[636, 279, 687, 326]",,,,
52,31,"[201, 293, 252, 333]",,,,
52,32,"[433, 266, 478, 307]",,,,
52,34,"[340, 265, 415, 314]",,,,
52,38,"[481, 302, 523, 361]",,,,
53,10,"[694, 267, 815, 380]",,,,
53,22,"[634, 278, 686, 326]",,,,
53,32,"[428, 266, 473, 307]",,,,
53,34,"[334, 265, 407, 315]",,,,
53,38,"[478, 301, 521, 361]",,,,
54,10,"[695, 268, 817, 381]",,,,
54,22,"[633, 277, 685, 326]",,,,
54,32,"[420, 265, 466, 306]",,,,
54,34,"[329, 265, 399, 314]",,,,
54,38,"[475, 302, 518, 363]",,,,
55,10,"[696, 268, 819, 381]",,,,
55,22,"[632, 276, 684, 326]",,,,
55,34,"[324, 264, 390, 314]",,,,
55,38,"[473, 301, 518, 363]",,,,
56,10,"[698, 268, 821, 382]",,,,
56,22,"[633, 275, 684, 325]",,,,
56,34,"[321, 263, 382, 312]",,,,
56,38,"[469, 300, 515, 364]",,,,
56,44,"[684, 277, 717, 308]",,,,
57,10,"[699, 267, 823, 382]",,,,
57,22,"[633, 274, 683, 324]",,,,
57,38,"[465, 300, 512, 364]",,,,
57,44,"[685, 277, 719, 307]",,,,
57,45,"[285, 278, 336, 335]",,,,
58,10,"[700, 267, 825, 382]",,,,
58,32,"[399, 262, 447, 304]",,,,
58,38,"[461, 299, 510, 364]",,,,
58,44,"[683, 276, 719, 307]",,,,
58,45,"[281, 281, 332, 334]",,,,
59,10,"[700, 266, 826, 381]",,,,
59,32,"[392, 261, 440, 304]",,,,
59,38,"[457, 297, 507, 365]",,,,
59,44,"[681, 275, 719, 307]",,,,
60,10,"[701, 265, 827, 381]",,,,
60,38,"[452, 298, 503, 366]",,,,
60,44,"[680, 275, 719, 307]",,,,
60,47,"[636, 271, 676, 305]",,,,
61,10,"[701, 264, 829, 381]",,,,
61,38,"[447, 298, 500, 367]",,,,
61,43,"[518, 226, 606, 342]",,,,
61,44,"[681, 275, 720, 307]",,,,
61,47,"[635, 271, 675, 306]",,,,
62,10,"[702, 263, 830, 381]",,,,
62,36,"[123, 283, 185, 334]",,,,
62,38,"[442, 298, 495, 368]",,,,
62,43,"[513, 225, 604, 342]",,,,
62,44,"[680, 274, 719, 306]",,,,
63,10,"[702, 262, 830, 381]",,,,
63,36,"[114, 283, 177, 334]",,,,
63,38,"[437, 299, 490, 370]",,,,
63,43,"[509, 223, 603, 342]",,,,
63,44,"[675, 274, 717, 306]",,,,
64,10,"[702, 262, 832, 381]",,,,
64,36,"[106, 286, 169, 336]",,,,
64,38,"[428, 300, 485, 372]",,,,
64,43,"[505, 222, 603, 343]",,,,
64,44,"[675, 274, 717, 306]",,,,
65,10,"[702, 262, 833, 382]",,,,
65,36,"[96, 283, 161, 336]",,,,
65,38,"[424, 302, 482, 375]",,,,
65,43,"[499, 222, 600, 345]",,,,
65,44,"[673, 274, 717, 306]",,,,
66,10,"[702, 263, 833, 384]",,,,
66,36,"[87, 286, 152, 338]",,,,
66,38,"[418, 305, 477, 378]",,,,
66,43,"[495, 221, 598, 346]",,,,
66,44,"[674, 274, 716, 306]",,,,
66,52,"[828, 229, 1178, 494]","[951.8448333740234, 245.75094413757324, 995.1355285644531, 282.3105583190918]",0.20124411582946777,BMRCL,0.923536479473114
67,10,"[703, 263, 833, 386]",,,,
67,36,"[77, 286, 143, 340]",,,,
67,38,"[411, 307, 471, 382]",,,,
67,43,"[491, 221, 598, 348]",,,,
67,44,"[673, 275, 714, 307]",,,,
67,52,"[828, 229, 1178, 494]",[961.98 245.60 1009.01 282.40],0.0,BMRCL,0.9654756784439087
68,10,"[703, 264, 834, 387]",,,,
68,36,"[67, 287, 135, 343]",,,,
68,38,"[403, 307, 466, 384]",,,,
68,43,"[484, 222, 594, 350]",,,,
68,44,"[671, 276, 713, 309]",,,,
68,52,"[820, 217, 1241, 551]","[972.1226959228516, 245.44483375549316, 1022.8784027099609, 282.48538970947266]",0.2699914276599884,BMRCL,0.9151589274406433
69,10,"[702, 265, 834, 388]",,,,
69,36,"[57, 287, 125, 344]",,,,
69,38,"[396, 310, 459, 387]",,,,
69,43,"[478, 222, 589, 352]",,,,
69,44,"[668, 277, 711, 310]",,,,
69,52,"[828, 229, 1178, 494]",[984.17 244.21 1039.23 284.42],0.0,BMRCL,0.9654756784439087
70,10,"[702, 265, 834, 389]",,,,
70,34,"[226, 261, 331, 325]",,,,
70,38,"[388, 312, 452, 391]",,,,
70,43,"[472, 221, 585, 354]",,,,
70,44,"[662, 277, 709, 312]",,,,
70,52,"[819, 211, 1290, 596]","[996.2207183837891, 242.97483444213867, 1055.5857391357422, 286.3525924682617]",0.3172285556793213,BMRCL,0.9654756784439087
71,10,"[701, 266, 835, 390]",,,,
71,32,"[344, 263, 400, 311]",,,,
71,34,"[218, 261, 323, 326]",,,,
71,38,"[379, 315, 445, 394]",,,,
71,43,"[467, 220, 583, 354]",,,,
71,44,"[661, 277, 709, 312]",,,,
72,10,"[701, 265, 836, 391]",,,,
72,32,"[337, 262, 391, 311]",,,,
72,34,"[214, 261, 326, 328]",,,,
72,38,"[369, 316, 439, 397]",,,,
72,44,"[661, 277, 709, 313]",,,,
72,51,"[129, 280, 184, 329]",,,,
73,10,"[700, 264, 837, 391]",,,,
73,32,"[330, 262, 384, 311]",,,,
73,34,"[206, 260, 325, 330]",,,,
73,38,"[360, 316, 432, 399]",,,,
73,44,"[661, 276, 710, 312]",,,,
73,51,"[118, 280, 175, 329]",,,,
74,10,"[699, 263, 838, 391]",,,,
74,32,"[324, 260, 377, 310]",,,,
74,34,"[197, 259, 320, 329]",,,,
74,38,"[350, 316, 426, 401]",,,,
74,44,"[662, 275, 710, 313]",,,,
74,51,"[111, 280, 169, 329]",,,,
74,57,"[417, 263, 452, 304]",,,,
75,10,"[698, 261, 838, 390]",,,,
75,32,"[321, 259, 371, 309]",,,,
75,34,"[188, 258, 313, 328]",,,,
75,38,"[341, 316, 419, 404]",,,,
75,44,"[659, 274, 705, 312]",,,,
75,51,"[105, 275, 163, 327]",,,,
75,57,"[411, 263, 447, 304]",,,,
76,10,"[697, 259, 839, 390]",,,,
76,32,"[313, 258, 363, 308]",,,,
76,34,"[180, 255, 309, 327]",,,,
76,38,"[330, 317, 410, 407]",,,,
76,44,"[660, 274, 703, 313]",,,,
76,51,"[100, 275, 157, 329]",,,,
76,57,"[407, 261, 442, 302]",,,,
77,10,"[696, 258, 839, 390]",,,,
77,34,"[172, 257, 305, 329]",,,,
77,38,"[319, 316, 403, 410]",,,,
77,41,"[60, 548, 237, 690]",,,,
77,44,"[659, 274, 701, 314]",,,,
77,51,"[93, 276, 149, 329]",,,,
77,57,"[401, 261, 435, 302]",,,,
78,10,"[694, 258, 839, 390]",,,,
78,34,"[161, 256, 295, 329]",,,,
78,38,"[307, 316, 394, 414]",,,,
78,44,"[657, 273, 700, 315]",,,,
78,51,"[86, 278, 140, 331]",,,,
78,57,"[393, 263, 427, 303]",,,,
79,10,"[692, 259, 839, 392]",,,,
79,38,"[293, 317, 385, 419]",,,,
79,51,"[80, 279, 134, 332]",,,,
79,57,"[390, 264, 421, 304]",,,,
80,10,"[691, 260, 839, 394]",,,,
80,38,"[271, 317, 372, 425]",,,,
80,51,"[73, 280, 128, 334]",,,,
81,10,"[689, 261, 839, 396]",,,,
81,38,"[258, 317, 363, 430]",,,,
81,51,"[65, 283, 123, 336]",,,,
81,53,"[151, 257, 258, 333]",,,,
82,10,"[687, 262, 839, 397]",,,,
82,38,"[243, 318, 351, 437]",,,,
82,51,"[55, 284, 112, 336]",,,,
83,10,"[686, 264, 838, 400]",,,,
83,38,"[227, 320, 339, 443]",,,,
84,10,"[685, 267, 838, 402]",,,,
84,34,"[104, 257, 242, 339]",,,,
84,38,"[207, 323, 324, 451]",,,,
85,10,"[684, 268, 837, 405]",,,,
85,34,"[90, 260, 229, 342]",,,,
85,38,"[185, 325, 310, 460]",,,,
86,10,"[685, 271, 837, 409]",,,,
86,34,"[76, 262, 214, 345]",,,,
86,38,"[164, 324, 295, 468]",,,,
87,10,"[684, 272, 836, 413]",,,,
87,34,"[64, 263, 202, 347]",,,,
87,38,"[144, 326, 282, 477]",,,,
87,61,"[252, 263, 328, 329]",,,,
88,10,"[683, 274, 835, 416]",,,,
88,34,"[52, 264, 190, 349]",,,,
88,38,"[123, 329, 266, 487]",,,,
89,10,"[683, 274, 834, 417]",,,,
89,34,"[39, 264, 176, 351]",,,,
89,38,"[99, 331, 250, 498]",,,,
89,55,"[578, 414, 687, 596]",,,,
89,63,"[828, 197, 1281, 484]","[1039.06689453125, 248.17694854736328, 1133.9066467285156, 298.11431884765625]",0.6474151015281677,NXONS,0.5764024257659912
90,10,"[682, 274, 833, 417]",,,,
90,34,"[26, 262, 161, 351]",,,,
90,38,"[73, 332, 232, 506]",,,,
90,55,"[579, 415, 688, 598]",,,,
90,63,"[802, 190, 1301, 543]",,,,
91,34,"[13, 262, 141, 351]",,,,
91,38,"[46, 329, 214, 514]",,,,
92,34,"[-1, 263, 117, 351]",,,,
92,38,"[18, 333, 196, 525]",,,,
92,64,"[681, 268, 830, 416]",,,,
93,34,"[-12, 263, 95, 350]",,,,
93,38,"[1, 339, 182, 536]",,,,
93,64,"[681, 268, 829, 415]",,,,
94,38,"[-7, 337, 171, 543]",,,,
94,64,"[681, 266, 828, 412]",,,,
95,38,"[-13, 355, 158, 558]",,,,
95,64,"[685, 267, 829, 411]",,,,
96,56,"[212, 167, 466, 434]","[268.3324966430664, 369.8196258544922, 326.60001373291016, 392.5096130371094]",0.5804572701454163,NEDIEI,0.5781621932983398
96,64,"[689, 267, 829, 411]",,,,
97,56,"[212, 167, 466, 434]",[254.60 373.70 314.85 397.28],0.0,NEDIEI,0.5781621932983398
97,64,"[693, 267, 830, 410]",,,,
97,67,"[66, 280, 166, 346]",,,,
98,56,"[212, 167, 466, 434]",[240.86 377.57 303.10 402.04],0.0,NEDIEI,0.5781621932983398
98,64,"[698, 268, 830, 411]",,,,
98,67,"[40, 260, 162, 344]",,,,
99,38,"[-23, 323, 98, 529]",,,,
99,56,"[212, 167, 466, 434]",[227.13 381.45 291.35 406.81],0.0,NEDIEI,0.5781621932983398
99,64,"[703, 269, 831, 411]",,,,
99,67,"[16, 253, 159, 350]",,,,
100,56,"[154, 149, 452, 452]","[213.3942413330078, 385.3223419189453, 279.6061248779297, 411.5802001953125]",0.451994925737381,NEDIEI,0.5636544823646545
100,64,"[708, 270, 832, 412]",,,,
100,67,"[-1, 251, 151, 357]",,,,
101,41,"[18, 593, 207, 720]",,,,
101,64,"[712, 271, 833, 413]",,,,
101,67,"[-10, 249, 142, 360]",,,,
102,41,"[18, 592, 209, 720]",,,,
102,64,"[714, 271, 832, 413]",,,,
103,61,"[-12, 249, 105, 362]",,,,
103,64,"[718, 271, 832, 413]",,,,
104,61,"[-15, 248, 90, 361]",,,,
104,64,"[722, 271, 832, 413]",,,,
105,61,"[-19, 247, 73, 359]",,,,
105,64,"[727, 272, 831, 413]",,,,
106,64,"[731, 272, 830, 412]",,,,
107,64,"[730, 272, 825, 412]",,,,
107,75,"[574, 349, 639, 462]",,,,
108,64,"[731, 271, 822, 410]",,,,
108,75,"[573, 346, 641, 461]",,,,
109,64,"[731, 271, 817, 409]",,,,
109,75,"[571, 341, 642, 461]",,,,
110,64,"[730, 270, 812, 407]",,,,
111,64,"[728, 267, 805, 403]",,,,
112,62,"[562, 333, 628, 459]","[569.7407822608948, 379.9529800415039, 600.2469253540039, 398.0210418701172]",0.41623133420944214,11,0.6434028148651123
112,64,"[726, 266, 798, 401]",,,,
112,65,"[403, 263, 557, 400]","[447.6739807128906, 317.73729705810547, 498.11454010009766, 334.2793502807617]",0.5727460980415344,11,0.522079348564148
113,62,"[562, 333, 628, 459]",[565.86 377.89 596.71 396.72],0.0,11,0.6434028148651123
113,65,"[403, 263, 557, 400]",[437.90 317.55 489.93 334.72],0.0,KA01MJ0152,0.9946654438972473
114,41,"[-5, 572, 163, 716]",,,,
114,62,"[551, 318, 620, 453]","[561.97926902771, 375.82061767578125, 593.1678276062012, 395.4197769165039]",0.6613457798957825,11,0.5841710567474365
114,65,"[403, 263, 557, 400]",[428.12 317.36 481.74 335.15],0.0,KA01MJ0152,0.9946654438972473
115,41,"[0, 569, 173, 716]",,,,
115,65,"[403, 263, 557, 400]",[418.34 317.17 473.55 335.59],0.0,KA01MJ0152,0.9946654438972473
116,41,"[-4, 568, 162, 716]",,,,
116,65,"[403, 263, 557, 400]",[408.56 316.98 465.36 336.03],0.0,KA01MJ0152,0.9946654438972473
117,2,"[599, 413, 757, 668]","[653.0763397216797, 576.5111236572266, 727.1593322753906, 627.2820434570312]",0.7887250185012817,1,0.9548546075820923
117,41,"[-6, 566, 154, 716]",,,,
117,65,"[403, 263, 557, 400]",[398.78 316.79 457.18 336.46],0.0,KA01MJ0152,0.9946654438972473
118,2,"[481, 310, 593, 471]",[655.98 576.29 729.41 626.06],0.0,1,0.9548546075820923
118,65,"[337, 251, 518, 404]","[389.0006446838379, 316.60123443603516, 448.9894561767578, 336.9017333984375]",0.4575042724609375,C0152,0.6171274185180664
119,2,"[481, 310, 593, 471]",[658.89 576.07 731.65 624.84],0.0,1,0.9548546075820923
119,65,"[403, 263, 557, 400]",[383.10 317.13 444.66 338.54],0.0,KA01MJ0152,0.9946654438972473
120,2,"[481, 310, 593, 471]",[661.80 575.85 733.90 623.62],0.0,1,0.9548546075820923
120,65,"[321, 249, 513, 410]","[377.2000427246094, 317.6520233154297, 440.32202911376953, 340.17081451416016]",0.3920394778251648,CI01B30192,0.8127551078796387
121,2,"[481, 310, 593, 471]",[664.71 575.63 736.15 622.40],0.0,1,0.9548546075820923
121,65,"[403, 263, 557, 400]",[371.63 317.51 436.75 341.01],0.0,KA01MJ0152,0.9946654438972473
122,2,"[481, 310, 593, 471]",[667.62 575.41 738.39 621.18],0.0,1,0.9548546075820923
122,65,"[307, 247, 509, 415]","[366.0581932067871, 317.3691177368164, 433.1770477294922, 341.8397674560547]",0.47271865606307983,CI01B30192,0.636560320854187
123,2,"[481, 310, 593, 471]",[670.53 575.19 740.64 619.96],0.0,1,0.9548546075820923
123,65,"[403, 263, 557, 400]",[360.03 318.05 429.64 342.50],0.0,KA01MJ0152,0.9946654438972473
124,2,"[603, 412, 768, 667]","[673.4352493286133, 574.9746551513672, 742.8844451904297, 618.7354583740234]",0.7039862275123596,1,0.8489225506782532
124,65,"[294, 241, 507, 419]","[354.00817108154297, 318.74036407470703, 426.10105895996094, 343.1620559692383]",0.6405906081199646,KA01NJ0152,0.8161343336105347
125,2,"[481, 310, 593, 471]",[674.34 573.81 746.38 619.59],0.0,1,0.9548546075820923
125,41,"[8, 563, 185, 718]",,,,
125,65,"[403, 263, 557, 400]",[347.94 320.37 421.75 344.64],0.0,KA01MJ0152,0.9946654438972473
125,82,"[219, 242, 275, 298]",,,,
126,2,"[603, 412, 771, 665]","[675.2511291503906, 572.6388702392578, 749.8797912597656, 620.4400177001953]",0.7600356936454773,1,0.8448058366775513
126,41,"[8, 563, 195, 719]",,,,
126,65,"[280, 238, 503, 426]","[341.87764739990234, 321.9963073730469, 417.39732360839844, 346.12100982666016]",0.7104495763778687,KA01NJ0152,0.827680766582489
126,69,"[537, 330, 613, 442]",,,,
126,82,"[211, 240, 273, 297]",,,,
127,2,"[481, 310, 593, 471]",[675.37 573.73 748.33 623.03],0.0,1,0.9548546075820923
127,65,"[403, 263, 557, 400]",[334.04 324.07 412.61 349.52],0.0,KA01MJ0152,0.9946654438972473
127,81,"[228, 200, 304, 279]",,,,
127,82,"[202, 236, 271, 297]",,,,
128,2,"[594, 385, 770, 655]","[675.4806060791016, 574.8174285888672, 746.7868804931641, 625.6250457763672]",0.7609739899635315,1,0.767027735710144
128,65,"[264, 237, 499, 431]","[326.2069511413574, 326.1520767211914, 407.8238983154297, 352.9147415161133]",0.7406957745552063,KA01NJ0152,0.8796936273574829
128,80,"[480, 253, 521, 301]",,,,
128,81,"[237, 195, 336, 280]",,,,
128,82,"[197, 234, 271, 297]",,,,
129,2,"[481, 310, 593, 471]",[676.77 575.48 748.17 622.97],0.0,1,0.9548546075820923
129,65,"[403, 263, 557, 400]",[318.41 328.64 402.33 356.45],0.0,KA01MJ0152,0.9946654438972473
129,80,"[480, 253, 521, 301]",,,,
129,81,"[238, 194, 350, 280]",,,,
129,82,"[192, 233, 271, 298]",,,,
130,2,"[588, 364, 771, 655]","[678.0585098266602, 576.1411285400391, 749.5594635009766, 620.3065490722656]",0.78443843126297,1,0.631737619638443
130,65,"[246, 238, 496, 441]","[310.62110137939453, 331.1196823120117, 396.82801818847656, 359.986328125]",0.7161937952041626,KA01NJ0152,0.8180511593818665
130,69,"[539, 320, 612, 443]",,,,
130,80,"[481, 255, 522, 302]",,,,
130,82,"[188, 233, 271, 298]",,,,
131,65,"[403, 263, 557, 400]",[301.85 334.22 391.22 363.53],0.0,KA01MJ0152,0.9946654438972473
131,69,"[539, 319, 611, 443]",,,,
131,80,"[482, 255, 523, 300]",,,,
131,82,"[184, 233, 273, 299]",,,,
132,65,"[227, 240, 497, 455]","[293.08441162109375, 337.3260803222656, 385.61732482910156, 367.0718231201172]",0.7274274230003357,KA01NJ0152,0.8764613270759583
132,69,"[539, 317, 611, 444]",,,,
132,82,"[180, 232, 271, 300]",,,,
132,84,"[607, 243, 683, 306]",,,,
133,65,"[403, 263, 557, 400]",[283.27 341.64 378.67 372.82],0.0,KA01MJ0152,0.9946654438972473
133,69,"[538, 314, 610, 444]",,,,
133,82,"[175, 234, 270, 300]",,,,
133,84,"[609, 245, 684, 306]",,,,
134,65,"[203, 240, 493, 468]","[273.44647216796875, 345.95479583740234, 371.7301788330078, 378.57032775878906]",0.7334617376327515,KA01NJ0152,0.8394083976745605
134,69,"[536, 318, 607, 448]",,,,
135,65,"[403, 263, 557, 400]",[258.19 349.58 362.27 384.29],0.0,KA01MJ0152,0.9946654438972473
135,69,"[536, 322, 607, 451]",,,,
136,65,"[176, 241, 490, 485]","[242.9430923461914, 353.2125473022461, 352.80812072753906, 390.00885009765625]",0.7457112669944763,KA01NJ0152,0.8034084439277649
136,69,"[535, 321, 607, 450]",,,,
136,87,"[157, 234, 244, 302]",,,,
137,65,"[403, 263, 557, 400]",[227.15 357.45 339.75 395.47],0.0,KA01MJ0152,0.9946654438972473
137,87,"[156, 233, 249, 301]",,,,
137,89,"[0, 219, 107, 316]",,,,
138,65,"[142, 240, 486, 503]","[211.36141204833984, 361.6787414550781, 326.6999969482422, 400.9333038330078]",0.7534928917884827,KA01NJ0152,0.8709877729415894
138,84,"[604, 245, 683, 307]",,,,
138,87,"[152, 232, 247, 300]",,,,
138,89,"[-3, 219, 106, 317]",,,,
139,65,"[403, 263, 557, 400]",[189.57 367.23 310.76 408.37],0.0,KA01MJ0152,0.9946654438972473
139,77,"[601, 415, 774, 667]","[679.3893737792969, 578.9694519042969, 750.8835906982422, 627.0968475341797]",0.6546817421913147,KL18R1138,0.8958382308483124
139,84,"[602, 244, 683, 308]",,,,
139,87,"[147, 231, 244, 297]",,,,
139,89,"[-5, 218, 100, 315]",,,,
140,65,"[101, 240, 479, 526]","[167.78611755371094, 372.7808532714844, 294.81065368652344, 415.79954528808594]",0.7448806762695312,KA01NJ0152,0.8626020550727844
140,77,"[601, 415, 774, 667]",[679.46 578.44 751.40 627.87],0.0,KL18R1138,0.9847166538238525
140,84,"[600, 241, 680, 306]",,,,
140,87,"[144, 227, 233, 288]",,,,
140,89,"[-6, 219, 92, 313]",,,,
141,65,"[403, 263, 557, 400]",[144.34 379.53 277.07 425.28],0.0,KA01MJ0152,0.9946654438972473
141,77,"[605, 421, 777, 668]","[679.5209121704102, 577.9060516357422, 751.9159088134766, 628.6471710205078]",0.7833849191665649,KL18R1138,0.88089519739151
141,80,"[479, 256, 524, 300]",,,,
141,89,"[-7, 216, 86, 308]",,,,
142,65,"[54, 239, 476, 554]","[120.89311981201172, 386.2783203125, 259.3315887451172, 434.7683410644531]",0.7360721230506897,KA01NJ0152,0.9355006217956543
142,69,"[522, 307, 597, 439]",,,,
142,77,"[601, 415, 774, 667]",[680.46 578.06 753.90 628.86],0.0,KL18R1138,0.9847166538238525
142,80,"[481, 253, 527, 299]",,,,
142,89,"[-7, 216, 78, 305]",,,,
143,65,"[403, 263, 557, 400]",[93.82 395.47 237.26 448.28],0.0,KA01MJ0152,0.9946654438972473
143,77,"[605, 420, 779, 666]","[681.408203125, 578.205810546875, 755.8842926025391, 629.068359375]",0.7289794087409973,KL18R1138,0.7632059752941132
143,80,"[482, 252, 528, 299]",,,,
143,89,"[-7, 215, 71, 303]",,,,
144,65,"[13, 240, 479, 593]","[66.74441909790039, 404.6567687988281, 215.19009399414062, 461.78880310058594]",0.7635685205459595,KA01MJ0152,0.9496415257453918
144,77,"[601, 415, 774, 667]",[682.27 578.07 755.69 627.28],0.0,KL18R1138,0.9847166538238525
144,80,"[484, 252, 529, 300]",,,,
144,84,"[598, 238, 683, 306]",,,,
144,89,"[-7, 216, 63, 302]",,,,
145,65,"[403, 263, 557, 400]",[33.46 417.54 185.65 479.07],0.0,KA01MJ0152,0.9946654438972473
145,77,"[603, 415, 781, 665]","[683.1277923583984, 577.9383544921875, 755.5020294189453, 625.4965667724609]",0.7176607847213745,KL18R1138,0.7519993484020233
145,80,"[485, 252, 530, 301]",,,,
145,84,"[598, 237, 683, 307]",,,,
145,89,"[-7, 216, 56, 302]",,,,
146,65,"[-1, 244, 487, 649]","[0.17401383817195892, 430.4267578125, 156.11465454101562, 496.3481750488281]",0.6445409059524536,KA01MJ0152,0.901932418346405
146,77,"[601, 415, 774, 667]",[682.69 577.63 754.66 626.37],0.0,KL18R1138,0.9847166538238525
146,80,"[487, 250, 531, 300]",,,,
146,89,"[-7, 221, 48, 308]",,,,
147,65,"[403, 263, 557, 400]",[0.09 456.89 117.28 523.95],0.0,KA01MJ0152,0.9946654438972473
147,77,"[605, 419, 782, 666]","[682.2486267089844, 577.3189697265625, 753.8102416992188, 627.2471160888672]",0.7819967865943909,KL18R1138,0.7687129974365234
147,80,"[487, 249, 531, 300]",,,,
148,65,"[-8, 239, 488, 690]","[0.0, 483.36253356933594, 78.4377670288086, 551.5432739257812]",0.4903588593006134,KA01MJ0152,0.9946654438972473
148,69,"[512, 306, 591, 435]",,,,
148,77,"[601, 415, 774, 667]",[681.71 576.75 753.89 626.78],0.0,KL18R1138,0.9847166538238525
149,69,"[512, 308, 589, 435]",,,,
149,77,"[604, 417, 779, 663]","[681.1664733886719, 576.1799621582031, 753.9624633789062, 626.3226470947266]",0.7666574120521545,KL18R1138,0.7422725260257721
150,69,"[512, 310, 587, 435]",,,,
150,77,"[601, 415, 774, 667]",[679.51 574.86 752.71 625.78],0.0,KL18R1138,0.9847166538238525
151,69,"[511, 306, 586, 432]",,,,
151,77,"[601, 413, 774, 657]","[677.8500442504883, 573.5417785644531, 751.4587097167969, 625.2323608398438]",0.8082147240638733,KL18R1138,0.7834985554218292
151,80,"[482, 243, 528, 299]",,,,
152,2,"[583, 335, 775, 658]","[674.3243865966797, 570.3530426025391, 750.2247009277344, 622.8375854492188]",0.813987672328949,KL18R5138,0.8336348533630371
152,69,"[510, 310, 584, 432]",,,,
152,77,"[601, 415, 774, 667]",[675.73 570.45 747.85 620.57],0.0,KL18R1138,0.9847166538238525
152,80,"[481, 242, 527, 300]",,,,
153,69,"[510, 310, 583, 430]",,,,
153,77,"[602, 413, 771, 655]","[673.6071701049805, 567.3534088134766, 744.2389831542969, 615.8993530273438]",0.7845531105995178,KL18R1138,0.7917681932449341
153,80,"[479, 242, 526, 301]",,,,
154,69,"[509, 307, 582, 425]",,,,
154,77,"[601, 415, 774, 667]",[670.59 562.31 740.71 611.02],0.0,KL18R1138,0.9847166538238525
154,80,"[479, 242, 524, 300]",,,,
155,69,"[505, 303, 578, 421]",,,,
155,77,"[596, 413, 763, 651]","[667.5760650634766, 557.2631225585938, 737.1750793457031, 606.1327209472656]",0.8064727187156677,KL18R1138,0.8496823310852051
155,80,"[479, 240, 523, 299]",,,,
156,69,"[503, 304, 576, 420]",,,,
156,77,"[601, 415, 774, 667]",[661.94 553.99 732.48 602.92],0.0,KL18R1138,0.9847166538238525
156,80,"[479, 240, 522, 298]",,,,
157,69,"[501, 301, 573, 418]",,,,
157,77,"[590, 413, 755, 646]","[656.2982559204102, 550.7193450927734, 727.7841796875, 599.7137908935547]",0.780555784702301,KL18R1138,0.7304705381393433
157,80,"[480, 240, 520, 299]",,,,
158,69,"[500, 301, 571, 417]",,,,
158,77,"[601, 415, 774, 667]",[650.31 547.95 720.91 598.10],0.0,KL18R1138,0.9847166538238525
158,80,"[480, 236, 517, 293]",,,,
159,69,"[496, 298, 569, 416]",,,,
159,77,"[573, 406, 738, 637]","[644.3186950683594, 545.1886291503906, 714.03515625, 596.4954986572266]",0.8122034668922424,KL18R1138,0.823926568031311
160,69,"[495, 293, 569, 414]","[519.1212501525879, 348.904296875, 547.6967430114746, 366.5799331665039]",0.3800382912158966,47,0.5024008750915527
160,77,"[601, 415, 774, 667]",[638.79 543.38 706.92 593.97],0.0,KL18R1138,0.9847166538238525
161,69,"[492, 290, 565, 414]",,,,
161,77,"[563, 401, 724, 632]","[633.2543258666992, 541.5639495849609, 699.8034820556641, 591.4369049072266]",0.8202548027038574,KL18R1138,0.9847166538238525
162,69,"[492, 270, 569, 408]",,,,
162,77,"[601, 415, 774, 667]",[628.94 540.50 693.95 588.86],0.0,KL18R1138,0.9847166538238525
163,69,"[491, 282, 566, 418]",,,,
163,77,"[555, 404, 714, 630]","[624.6178894042969, 539.4359588623047, 688.0980377197266, 586.2930755615234]",0.7706466913223267,KL18R5138,0.8118107914924622
163,95,"[230, 224, 480, 412]","[284.57421493530273, 299.85843658447266, 317.82518768310547, 323.36466217041016]",0.13985824584960938,108,0.5597593188285828
164,69,"[491, 251, 568, 404]",,,,
164,77,"[601, 415, 774, 667]",[621.43 538.78 685.82 585.43],0.0,KL18R1138,0.9847166538238525
164,95,"[230, 224, 480, 412]",[263.25 301.40 311.26 326.96],0.0,KA01NX5108,0.9197052121162415
165,77,"[549, 408, 706, 630]","[618.2480773925781, 538.1254730224609, 683.5389862060547, 584.5617523193359]",0.7855609059333801,KL18R5138,0.5881702303886414
165,95,"[205, 224, 480, 434]","[241.91969299316406, 302.93556213378906, 304.6973114013672, 330.5482864379883]",0.6742963790893555,AO01BI9108,0.6543624997138977
166,77,"[601, 415, 774, 667]",[616.31 537.00 682.01 583.51],0.0,KL18R1138,0.9847166538238525
166,95,"[230, 224, 480, 412]",[231.90 305.41 300.63 334.17],0.0,KA01NX5108,0.9197052121162415
166,102,"[572, 246, 781, 423]",,,,
167,77,"[544, 406, 699, 626]","[614.3634643554688, 535.8705291748047, 680.4745483398438, 582.4494934082031]",0.7179256677627563,KL18R5138,0.7900189757347107
167,78,"[755, 88, 1283, 648]","[977.7445220947266, 231.4356689453125, 1075.720703125, 285.52630615234375]",0.548456072807312,ARONS,0.8792559504508972
167,95,"[181, 223, 482, 451]","[221.8893165588379, 307.8744888305664, 296.5697326660156, 337.78572845458984]",0.7455481886863708,AO01BI9108,0.6206239461898804
167,102,"[549, 244, 780, 429]",,,,
168,77,"[601, 415, 774, 667]",[612.10 534.65 677.58 581.60],0.0,KL18R1138,0.9847166538238525
168,78,"[755, 88, 1283, 648]",[991.92 231.47 1092.08 285.84],0.0,27,0.9967426061630249
168,95,"[230, 224, 480, 412]",[214.90 309.44 290.87 340.92],0.0,KA01NX5108,0.9197052121162415
169,65,"[-12, 251, 389, 736]","[205.47584533691406, 311.97972869873047, 283.4452209472656, 343.97344970703125]",0.7139298915863037,KA01MJ0152,0.7363220453262329
169,77,"[540, 398, 695, 621]","[609.8357238769531, 533.4389495849609, 674.6829376220703, 580.7468872070312]",0.8039937019348145,KL18R5138,0.7223620116710663
169,78,"[763, 84, 1284, 654]","[1006.1023559570312, 231.49522399902344, 1108.4408874511719, 286.1593475341797]",0.47127509117126465,ARONS,0.8806560635566711
169,95,"[160, 220, 485, 461]","[207.91115951538086, 310.9965057373047, 285.1743469238281, 344.06346893310547]",0.7415433526039124,TA01BA5108,0.7286386489868164
170,65,"[403, 263, 557, 400]",[197.24 313.53 276.31 347.42],0.0,KA01MJ0152,0.9946654438972473
170,77,"[601, 415, 774, 667]",[606.73 530.92 672.10 578.03],0.0,KL18R1138,0.9847166538238525
170,95,"[230, 224, 480, 412]",[199.04 313.97 277.18 346.95],0.0,KA01NX5108,0.9197052121162415
171,65,"[-14, 309, 372, 748]","[189.00677490234375, 315.0852680206299, 269.1744689941406, 350.8664855957031]",0.6930941343307495,KA01MJ0152,0.8460251092910767
171,77,"[533, 379, 687, 612]","[603.6202087402344, 528.3940277099609, 669.5084838867188, 575.3117370605469]",0.7180954217910767,KL18R5138,0.7009154260158539
171,95,"[139, 215, 492, 472]","[190.16224670410156, 316.95240783691406, 269.18092346191406, 349.82659912109375]",0.7456294298171997,TA01BA5108,0.683998167514801
172,77,"[601, 415, 774, 667]",[600.37 528.45 665.13 570.14],0.0,KL18R1138,0.9847166538238525
172,95,"[230, 224, 480, 412]",[179.00 318.63 260.63 353.06],0.0,KA01NX5108,0.9197052121162415
172,101,"[654, 242, 808, 435]","[691.4191665649414, 353.337646484375, 754.1857833862305, 376.0234069824219]",0.763192355632782,1S3A53E,0.5866170525550842
173,77,"[529, 368, 681, 610]","[597.1272811889648, 528.5084381103516, 660.7417144775391, 564.9658660888672]",0.7945204973220825,KL18R5138,0.97251757979393
173,95,"[117, 212, 495, 483]","[167.83005142211914, 320.3145980834961, 252.0795440673828, 356.2901306152344]",0.7707878947257996,KA01NX5108,0.8881831169128418
173,101,"[654, 242, 808, 435]",[693.80 355.25 757.41 378.50],0.0,KA51NS3627,0.9432041645050049
173,105,"[0, 219, 60, 330]",,,,
174,77,"[601, 415, 774, 667]",[593.64 528.39 657.61 566.78],0.0,KL18R1138,0.9847166538238525
174,95,"[230, 224, 480, 412]",[155.58 324.09 241.20 361.03],0.0,KA01NX5108,0.9197052121162415
174,101,"[651, 244, 815, 439]","[696.1730613708496, 357.1530227661133, 760.6427001953125, 380.97206115722656]",0.7563178539276123,EX45IA3627,0.8328242897987366
174,105,"[0, 217, 65, 334]",,,,
175,77,"[521, 349, 675, 609]","[590.1609191894531, 528.2710876464844, 654.4745178222656, 568.5899047851562]",0.8056318759918213,KL18R1138,0.9251154363155365
175,95,"[92, 215, 491, 500]","[143.3265380859375, 327.85693359375, 230.31610107421875, 365.7765808105469]",0.7836575508117676,KA01NX5108,0.9186593294143677
175,101,"[654, 242, 808, 435]",[697.95 359.94 762.99 383.73],0.0,KA51NS3627,0.9432041645050049
176,77,"[601, 415, 774, 667]",[587.53 529.13 651.24 569.41],0.0,KL18R1138,0.9847166538238525
176,95,"[230, 224, 480, 412]",[131.02 332.14 218.97 371.81],0.0,KA01NX5108,0.9197052121162415
176,101,"[647, 245, 822, 444]","[699.731128692627, 362.7317428588867, 765.3346862792969, 386.4870300292969]",0.7550840973854065,XA51NS3627,0.8383560180664062
177,77,"[519, 354, 670, 616]","[584.9014053344727, 529.9915313720703, 648.0107269287109, 570.2375640869141]",0.7892435193061829,KL18R1138,0.9451476335525513
177,95,"[69, 217, 490, 517]","[118.712646484375, 336.41937255859375, 207.62982177734375, 377.8378143310547]",0.7741885185241699,KA01NX5108,0.9197052121162415
177,96,"[0, 250, 44, 342]",,,,
177,101,"[654, 242, 808, 435]",[702.54 364.49 769.05 388.56],0.0,KA51NS3627,0.9432041645050049
178,77,"[601, 415, 774, 667]",[581.78 528.79 645.16 568.75],0.0,KL18R1138,0.9847166538238525
178,95,"[230, 224, 480, 412]",[105.36 340.25 195.05 382.66],0.0,KA01NX5108,0.9197052121162415
178,96,"[0, 257, 46, 345]",,,,
178,101,"[644, 245, 830, 450]","[705.3586578369141, 366.2486267089844, 772.7633972167969, 390.6407012939453]",0.7514691352844238,EX45IK3627,0.857523500919342
179,77,"[516, 391, 664, 628]","[578.6658477783203, 527.5972290039062, 642.3125610351562, 567.2653350830078]",0.8114232420921326,KL18R1138,0.9083390235900879
179,95,"[45, 218, 489, 534]","[92.01185989379883, 344.07557678222656, 182.47760009765625, 387.48936462402344]",0.7795577645301819,KA01NX5108,0.9147059321403503
179,96,"[2, 258, 53, 345]",,,,
179,101,"[654, 242, 808, 435]",[708.02 367.24 776.24 391.61],0.0,KA51NS3627,0.9432041645050049
180,77,"[601, 415, 774, 667]",[576.00 526.36 639.80 567.59],0.0,KL18R1138,0.9847166538238525
180,95,"[230, 224, 480, 412]",[76.81 346.19 168.60 391.81],0.0,KA01NX5108,0.9197052121162415
180,101,"[641, 244, 838, 455]","[710.6816558837891, 368.23377990722656, 779.7129669189453, 392.58648681640625]",0.7379938364028931,EX45IK3627,0.8096625804901123
180,105,"[0, 231, 65, 344]",,,,
181,77,"[514, 399, 659, 622]","[573.3407135009766, 525.1189193725586, 637.2889709472656, 567.9183349609375]",0.8342087268829346,KL18R1138,0.9592521488666534
181,95,"[17, 216, 488, 549]","[61.60105514526367, 348.2955017089844, 154.7191619873047, 396.13832092285156]",0.8105135560035706,KA01NX5108,0.8902313113212585
181,101,"[654, 242, 808, 435]",[714.20 368.11 783.46 393.04],0.0,KA51NS3627,0.9432041645050049
181,105,"[-1, 230, 61, 343]",,,,
182,77,"[601, 415, 774, 667]",[571.62 522.41 635.54 565.33],0.0,KL18R1138,0.9847166538238525
182,95,"[230, 224, 480, 412]",[46.10 350.50 140.04 400.51],0.0,KA01NX5108,0.9197052121162415
182,101,"[640, 241, 847, 456]","[717.711669921875, 367.9939270019531, 787.2132720947266, 393.48561096191406]",0.750789999961853,EX45IK3627,0.8089383840560913
183,77,"[515, 394, 656, 612]","[569.9043350219727, 519.6985244750977, 633.7975692749023, 562.7484283447266]",0.8254305720329285,KL18R1138,0.9585248231887817
183,95,"[0, 212, 492, 565]","[30.600671768188477, 352.7126922607422, 125.35772705078125, 404.8812713623047]",0.8270754814147949,KA01NX5108,0.6691712737083435
183,101,"[654, 242, 808, 435]",[721.69 368.11 792.38 394.08],0.0,KA51NS3627,0.9432041645050049
184,77,"[601, 415, 774, 667]",[568.62 517.63 632.40 560.49],0.0,KL18R1138,0.9847166538238525
184,95,"[230, 224, 480, 412]",[15.30 355.44 109.14 409.64],0.0,KA01NX5108,0.9197052121162415
184,101,"[640, 240, 858, 458]","[725.6691360473633, 368.231689453125, 797.5375213623047, 394.67491149902344]",0.7576858997344971,EX45IK3627,0.8427225947380066
185,77,"[516, 394, 654, 606]","[567.3453636169434, 515.5532684326172, 630.993537902832, 558.2357025146484]",0.8306732773780823,KL18R1138,0.9367880821228027
185,95,"[-5, 206, 499, 583]","[0.0, 358.16973876953125, 92.93086242675781, 414.39019775390625]",0.7656049728393555,KA01NX5108,0.735565721988678
185,101,"[654, 242, 808, 435]",[730.66 369.57 804.02 396.27],0.0,KA51NS3627,0.9432041645050049
186,77,"[601, 415, 774, 667]",[568.08 513.87 629.49 556.23],0.0,KL18R1138,0.9847166538238525
186,95,"[230, 224, 480, 412]",[0.00 363.94 76.65 419.30],0.0,KA01NX5108,0.9197052121162415
186,101,"[643, 238, 871, 461]","[735.6586761474609, 370.9046325683594, 810.4990539550781, 397.8717803955078]",0.7376918196678162,EX45IK3627,0.8439061045646667
187,77,"[522, 396, 655, 602]","[568.8057594299316, 512.1922302246094, 627.9925994873047, 554.2157440185547]",0.7906934022903442,KL18R1138,0.9393767416477203
187,95,"[-6, 202, 506, 604]","[0.0, 369.7188262939453, 60.3724250793457, 424.20484924316406]",0.8001984357833862,KA01NX5108,0.9169585108757019
187,101,"[654, 242, 808, 435]",[741.49 373.52 817.00 400.33],0.0,KA51NS3627,0.9432041645050049
188,77,"[601, 415, 774, 667]",[568.84 510.72 629.83 554.73],0.0,KL18R1138,0.9847166538238525
188,101,"[647, 238, 886, 465]","[747.312370300293, 376.1255798339844, 823.5011596679688, 402.77854919433594]",0.745875895023346,KA51NS3627,0.8801511526107788
189,77,"[522, 399, 654, 600]","[568.8692665100098, 509.2452926635742, 631.6712646484375, 555.2539978027344]",0.8193950653076172,KL18R1138,0.8856713771820068
189,101,"[654, 242, 808, 435]",[752.83 378.73 829.91 405.80],0.0,KA51NS3627,0.9432041645050049
190,77,"[601, 415, 774, 667]",[569.79 509.12 631.08 553.85],0.0,KL18R1138,0.9847166538238525
190,101,"[647, 240, 900, 470]","[758.3439254760742, 381.33641052246094, 836.3202209472656, 408.82228088378906]",0.7420928478240967,KA51NS3627,0.9059836268424988
191,77,"[525, 400, 655, 598]","[570.7182960510254, 508.9935531616211, 630.4827728271484, 552.4364166259766]",0.8095754384994507,KL18R1138,0.9177899360656738
191,101,"[654, 242, 808, 435]",[764.54 384.41 843.27 412.29],0.0,KA51NS3627,0.9432041645050049
192,77,"[601, 415, 774, 667]",[572.02 507.54 631.95 551.28],0.0,KL18R1138,0.9847166538238525
192,101,"[650, 241, 915, 476]","[770.7445297241211, 387.48704528808594, 850.2245635986328, 415.7655792236328]",0.7422531843185425,KA51NS3627,0.9409347772598267
193,77,"[531, 394, 657, 594]","[573.3211288452148, 506.0869598388672, 633.4186401367188, 550.1288604736328]",0.8341422080993652,KL18R1138,0.9120759963989258
193,101,"[654, 242, 808, 435]",[777.49 390.36 858.41 419.08],0.0,KA51NS3627,0.9432041645050049
193,108,"[1, 604, 217, 720]",,,,
193,110,"[-3, 185, 528, 717]",,,,
194,77,"[601, 415, 774, 667]",[575.40 504.96 634.37 548.66],0.0,KL18R1138,0.9847166538238525
194,101,"[658, 243, 934, 482]","[784.2267532348633, 393.23974609375, 866.5915985107422, 422.3910217285156]",0.7440765500068665,KA51NS3627,0.8420020937919617
194,110,"[-2, 179, 529, 713]",,,,
195,77,"[534, 394, 659, 589]","[577.4706535339355, 503.83753967285156, 635.3312530517578, 547.1851043701172]",0.8200255632400513,KL18R1138,0.8211257755756378
195,101,"[654, 242, 808, 435]",[791.04 396.24 874.96 425.66],0.0,KA51NS3627,0.9432041645050049
195,110,"[-2, 176, 529, 711]",,,,
196,77,"[601, 415, 774, 667]",[579.49 502.31 637.75 545.68],0.0,KL18R1138,0.9847166538238525
196,101,"[663, 245, 952, 491]","[797.8516693115234, 399.2334289550781, 883.3257446289062, 428.93572998046875]",0.7504619359970093,KA51NS3627,0.7673815488815308
196,110,"[-2, 173, 527, 709]",,,,
197,77,"[550, 396, 665, 586]","[581.5015106201172, 500.7899932861328, 640.1636199951172, 544.1651306152344]",0.8267733454704285,KL18R1138,0.9043063819408417
197,101,"[654, 242, 808, 435]",[804.71 402.35 892.03 432.79],0.0,KA51NS3627,0.9432041645050049
197,110,"[-1, 171, 529, 711]",,,,
198,77,"[601, 415, 774, 667]",[582.84 499.63 640.03 541.47],0.0,KL18R1138,0.9847166538238525
198,101,"[669, 246, 970, 498]","[811.5601806640625, 405.471923828125, 900.7390747070312, 436.6437225341797]",0.755929708480835,KA51NS3627,0.8777585029602051
198,110,"[-2, 168, 526, 711]",,,,
199,77,"[558, 396, 666, 582]","[584.1749649047852, 498.47652435302734, 639.8941650390625, 538.7793121337891]",0.8191440105438232,KL18R1138,0.8920507431030273
199,101,"[654, 242, 808, 435]",[817.32 408.80 908.16 440.06],0.0,KA51NS3627,0.9432041645050049
199,108,"[6, 600, 221, 718]",,,,
199,110,"[-2, 166, 526, 711]",,,,
200,77,"[601, 415, 774, 667]",[583.79 496.99 639.05 536.84],0.0,KL18R1138,0.9847166538238525
200,101,"[671, 246, 987, 505]","[823.0733489990234, 412.1379852294922, 915.5890045166016, 443.4718322753906]",0.7488768696784973,KA51NS3627,0.9269282221794128
200,108,"[4, 597, 224, 718]",,,,
200,110,"[-3, 157, 525, 711]",,,,
201,77,"[560, 397, 662, 578]","[583.3992557525635, 495.50814056396484, 638.212158203125, 534.9019165039062]",0.8030697703361511,KL18R1138,0.8842112720012665
201,101,"[654, 242, 808, 435]",[827.76 415.80 922.13 447.88],0.0,KA51NS3627,0.9432041645050049
201,110,"[-3, 154, 524, 709]",,,,
202,77,"[601, 415, 774, 667]",[580.48 493.65 635.88 534.11],0.0,KL18R1138,0.9847166538238525
202,101,"[673, 247, 1003, 514]","[832.4404754638672, 419.46868896484375, 928.6623840332031, 452.2847137451172]",0.747958242893219,KA51NS3627,0.867438554763794
202,110,"[-3, 146, 522, 705]",,,,
203,77,"[558, 397, 659, 574]","[577.5636157989502, 491.8011169433594, 633.5501327514648, 533.3148651123047]",0.8211817145347595,KL18R1138,0.8296553790569305
203,101,"[654, 242, 808, 435]",[836.23 423.03 933.06 457.73],0.0,KA51NS3627,0.9432041645050049
203,110,"[-3, 139, 520, 691]",,,,
204,77,"[601, 415, 774, 667]",[574.50 490.63 630.15 531.08],0.0,KL18R1138,0.9847166538238525
204,101,"[674, 250, 1016, 527]","[840.0131378173828, 426.5817565917969, 937.4624633789062, 463.17266845703125]",0.7608076930046082,KA51NS3627,0.85508793592453
204,110,"[-3, 142, 516, 694]",,,,
205,77,"[538, 395, 647, 571]","[571.4383087158203, 489.4643783569336, 626.7594146728516, 528.8462219238281]",0.8261014223098755,KL18R1138,0.7972575426101685
205,101,"[654, 242, 808, 435]",[842.67 431.07 942.37 467.11],0.0,KA51NS3627,0.9432041645050049
205,110,"[-3, 147, 512, 702]",,,,
206,101,"[674, 251, 1028, 535]","[845.3262634277344, 435.55592346191406, 947.2780151367188, 471.04058837890625]",0.7517538666725159,KA51NS3627,0.7924111485481262
206,110,"[-3, 149, 509, 708]","[309.8222961425781, 440.86822509765625, 341.6405944824219, 464.2510070800781]",0.18706552684307098,,0.7577418684959412
207,101,"[654, 242, 808, 435]",[847.42 440.39 951.34 476.77],0.0,KA51NS3627,0.9432041645050049
207,110,"[-5, 151, 503, 708]",,,,
207,111,"[524, 383, 643, 576]","[564.4722023010254, 486.64253997802734, 617.2351608276367, 526.5182037353516]",0.8154558539390564,18,0.8633955717086792
208,101,"[672, 253, 1038, 546]","[849.5076599121094, 445.22767639160156, 955.3972473144531, 482.4966735839844]",0.7544958591461182,KA51NS3627,0.9098501205444336
208,110,"[-5, 145, 497, 703]",,,,
208,111,"[524, 383, 643, 576]",[558.64 484.12 611.28 523.61],0.0,138,0.9681224226951599
209,101,"[654, 242, 808, 435]",[850.72 448.87 958.87 487.07],0.0,KA51NS3627,0.9432041645050049
209,110,"[-6, 144, 490, 705]",,,,
209,111,"[524, 383, 643, 576]",[552.81 481.60 605.32 520.70],0.0,138,0.9681224226951599
210,101,"[667, 254, 1047, 556]","[851.9420776367188, 452.5063781738281, 962.3399963378906, 491.650390625]",0.7537871599197388,KA51NS3627,0.8820792436599731
210,110,"[-6, 139, 485, 705]",,,,
210,111,"[524, 383, 643, 576]",[546.98 479.08 599.37 517.79],0.0,138,0.9681224226951599
211,78,"[941, 150, 1280, 645]","[941.0, 461.46917724609375, 965.4782943725586, 494.6617736816406]",0.439383327960968,ARONS,0.9944326281547546
211,101,"[654, 242, 808, 435]",[854.13 455.44 966.36 495.17],0.0,KA51NS3627,0.9432041645050049
211,110,"[-7, 137, 478, 705]",,,,
211,111,"[508, 394, 616, 555]","[541.1464462280273, 476.55982208251953, 593.4107513427734, 514.8762893676758]",0.7826803922653198,18,0.7660486698150635
212,78,"[755, 88, 1283, 648]",[943.50 463.40 970.40 497.48],0.0,27,0.9967426061630249
212,101,"[665, 252, 1058, 566]","[856.319580078125, 458.3788757324219, 970.3748779296875, 498.69329833984375]",0.7538536787033081,KA51NS3627,0.9174883961677551
212,110,"[-7, 137, 470, 706]",,,,
212,111,"[524, 383, 643, 576]",[536.63 471.43 588.45 509.37],0.0,138,0.9681224226951599
213,78,"[946, 136, 1280, 622]","[946.0, 465.3269958496094, 975.324872970581, 500.30169677734375]",0.5765072703361511,27,0.9967426061630249
213,101,"[654, 242, 808, 435]",[861.00 459.46 976.66 500.67],0.0,KA51NS3627,0.9432041645050049
213,110,"[-8, 137, 461, 709]",,,,
213,111,"[524, 383, 643, 576]",[532.12 466.31 583.48 503.87],0.0,138,0.9681224226951599
213,112,"[625, 271, 658, 330]",,,,
214,101,"[661, 245, 1071, 573]","[865.676513671875, 460.5342102050781, 982.9474792480469, 502.64398193359375]",0.7442808747291565,KA51NS3627,0.9306082725524902
214,110,"[-8, 150, 452, 717]",,,,
214,111,"[524, 383, 643, 576]",[527.61 461.18 578.52 498.37],0.0,138,0.9681224226951599
215,101,"[654, 242, 808, 435]",[872.03 462.02 990.21 505.44],0.0,KA51NS3627,0.9432041645050049
215,110,"[-8, 162, 443, 719]",,,,
215,111,"[492, 372, 598, 535]","[523.0945854187012, 456.05712890625, 573.5585021972656, 492.86317443847656]",0.8283006548881531,1,0.9217158555984497
215,113,"[239, 250, 303, 319]",,,,
216,101,"[660, 237, 1088, 576]","[878.3860626220703, 463.4998779296875, 997.4790954589844, 508.2456359863281]",0.7705017328262329,KA51NS3627,0.8975454568862915
216,110,"[-8, 173, 433, 720]",,,,
216,111,"[524, 383, 643, 576]",[519.77 450.85 569.43 488.05],0.0,138,0.9681224226951599
216,113,"[233, 245, 298, 317]",,,,
217,101,"[654, 242, 808, 435]",[885.46 467.96 1008.37 513.71],0.0,KA51NS3627,0.9432041645050049
217,110,"[-8, 179, 424, 720]",,,,
217,111,"[487, 367, 593, 524]","[516.4360466003418, 445.6351013183594, 565.3013534545898, 483.233642578125]",0.8121533989906311,1,0.523391604423523
217,113,"[224, 240, 289, 316]",,,,
218,101,"[659, 230, 1109, 587]","[892.5403747558594, 472.4134216308594, 1019.2675476074219, 519.1787719726562]",0.7528202533721924,KA51NS3627,0.937664806842804
218,110,"[-8, 196, 415, 725]",,,,
218,113,"[217, 237, 286, 315]",,,,
219,101,"[654, 242, 808, 435]",[911.84 485.03 1039.32 533.93],0.0,KA51NS3627,0.9432041645050049
219,110,"[-7, 221, 408, 732]",,,,
219,112,"[616, 254, 650, 314]",,,,
219,113,"[210, 236, 281, 315]",,,,
220,101,"[654, 242, 808, 435]",[931.13 497.65 1059.38 548.69],0.0,KA51NS3627,0.9432041645050049
220,110,"[-7, 231, 398, 729]",,,,
220,112,"[615, 252, 650, 313]",,,,
220,113,"[204, 236, 276, 315]",,,,
221,97,"[274, 225, 514, 429]","[316.35975646972656, 362.61920166015625, 384.54144287109375, 389.91917419433594]",0.7524942755699158,UP1ESE2E7,0.5254349112510681
221,101,"[654, 242, 808, 435]",[950.43 510.26 1079.44 563.45],0.0,KA51NS3627,0.9432041645050049
221,110,"[-8, 277, 388, 741]","[317.9841003417969, 363.15052032470703, 383.586181640625, 389.85546112060547]",0.6553056240081787,UP1CESE2E7,0.5449462532997131
221,112,"[616, 252, 650, 312]",,,,
221,113,"[198, 236, 271, 315]",,,,
221,118,"[655, 211, 1167, 628]","[923.9387817382812, 490.81866455078125, 1058.1676940917969, 541.23779296875]",0.7886804342269897,XA51HS3627,0.9179660677909851
222,97,"[274, 225, 514, 429]",[312.53 364.88 381.85 392.84],0.0,UP14BW6443,0.8794463276863098
222,101,"[654, 242, 808, 435]",[969.73 522.88 1099.49 578.20],0.0,KA51NS3627,0.9432041645050049
222,110,"[-7, 306, 379, 742]",,,,
222,112,"[617, 252, 652, 314]",,,,
222,113,"[197, 236, 270, 314]",,,,
222,118,"[655, 211, 1167, 628]",[939.42 501.00 1076.11 553.21],0.0,KA51MS3627,0.9791263341903687
223,97,"[274, 225, 514, 429]",[308.71 367.15 379.16 395.76],0.0,UP14BW6443,0.8794463276863098
223,101,"[654, 242, 808, 435]",[989.02 535.50 1119.55 592.96],0.0,KA51NS3627,0.9432041645050049
223,110,"[-7, 327, 368, 740]",,,,
223,112,"[618, 252, 653, 315]",,,,
223,113,"[198, 234, 271, 314]",,,,
223,118,"[659, 210, 1197, 651]","[954.9029846191406, 511.1813659667969, 1094.04296875, 565.1919555664062]",0.7352027893066406,KA51MS3627,0.9183408617973328
224,97,"[274, 225, 514, 429]",[304.88 369.42 376.47 398.68],0.0,UP14BW6443,0.8794463276863098
224,101,"[654, 242, 808, 435]",[1008.32 548.11 1139.61 607.71],0.0,KA51NS3627,0.9432041645050049
224,110,"[-7, 355, 356, 741]",,,,
224,112,"[620, 251, 655, 314]",,,,
224,113,"[197, 235, 268, 314]",,,,
224,118,"[655, 211, 1167, 628]",[971.42 522.16 1115.45 580.03],0.0,KA51MS3627,0.9791263341903687
225,97,"[274, 225, 514, 429]",[301.06 371.68 373.77 401.60],0.0,UP14BW6443,0.8794463276863098
225,101,"[654, 242, 808, 435]",[1027.61 560.73 1159.66 622.47],0.0,KA51NS3627,0.9432041645050049
225,110,"[-6, 360, 345, 733]",,,,
225,112,"[621, 251, 657, 314]",,,,
225,113,"[198, 236, 265, 314]",,,,
225,118,"[665, 208, 1246, 686]","[987.9463806152344, 533.1336364746094, 1136.8509216308594, 594.877197265625]",0.6659526824951172,KA51MS3627,0.7891957759857178
226,97,"[274, 225, 514, 429]",[297.23 373.95 371.08 404.52],0.0,UP14BW6443,0.8794463276863098
226,101,"[654, 242, 808, 435]",[1046.91 573.35 1179.72 637.22],0.0,KA51NS3627,0.9432041645050049
226,110,"[-7, 367, 330, 728]",,,,
226,113,"[199, 236, 263, 313]",,,,
226,118,"[655, 211, 1167, 628]",[1038.38 548.55 1161.68 609.71],0.0,KA51MS3627,0.9791263341903687
227,97,"[274, 225, 514, 429]",[293.41 376.21 368.39 407.44],0.0,UP14BW6443,0.8794463276863098
227,101,"[654, 242, 808, 435]",[1066.21 585.96 1199.77 651.98],0.0,KA51NS3627,0.9432041645050049
227,110,"[-8, 380, 315, 727]",,,,
227,113,"[199, 244, 257, 317]",,,,
227,118,"[655, 211, 1167, 628]",[1088.82 563.96 1186.51 624.54],0.0,KA51MS3627,0.9791263341903687
228,97,"[274, 225, 514, 429]",[289.58 378.48 365.70 410.36],0.0,UP14BW6443,0.8794463276863098
228,101,"[654, 242, 808, 435]",[1085.50 598.58 1219.83 666.73],0.0,KA51NS3627,0.9432041645050049
228,110,"[-9, 388, 298, 725]",,,,
228,113,"[200, 249, 253, 317]",,,,
228,118,"[669, 203, 1291, 720]","[1139.2557983398438, 579.3780212402344, 1211.3333129882812, 639.3770751953125]",0.7478857636451721,63627,0.9539167284965515
229,97,"[274, 225, 514, 429]",[285.76 380.74 363.01 413.28],0.0,UP14BW6443,0.8794463276863098
229,101,"[654, 242, 808, 435]",[1104.80 611.20 1239.89 681.49],0.0,KA51NS3627,0.9432041645050049
229,110,"[-11, 397, 276, 723]",,,,
229,118,"[655, 211, 1167, 628]",[1125.19 596.24 1241.14 666.00],0.0,KA51MS3627,0.9791263341903687
230,97,"[274, 225, 514, 429]",[281.93 383.01 360.32 416.20],0.0,UP14BW6443,0.8794463276863098
230,101,"[654, 242, 808, 435]",[1124.09 623.81 1259.94 696.25],0.0,KA51NS3627,0.9432041645050049
230,110,"[-13, 412, 252, 724]",,,,
230,118,"[665, 197, 1294, 725]","[1111.1334533691406, 613.0985717773438, 1270.9491577148438, 692.6226196289062]",0.7032257318496704,KA51MS3627,0.9791263341903687
231,97,"[234, 220, 534, 462]","[278.10718536376953, 385.27545166015625, 357.6239318847656, 419.1197967529297]",0.7526462078094482,UP18Y6443,0.6617637276649475
231,101,"[688, 203, 1283, 715]","[1143.3908081054688, 636.4293212890625, 1280.0, 711.0009155273438]",0.6760944724082947,KA51NS3627,0.9432041645050049
231,110,"[-11, 430, 237, 725]",,,,
231,125,"[1, 250, 62, 305]",,,,
232,97,"[274, 225, 514, 429]",[273.67 388.63 353.60 423.62],0.0,UP14BW6443,0.8794463276863098
232,101,"[654, 242, 808, 435]",[1087.04 612.45 1192.68 694.89],0.0,KA51NS3627,0.9432041645050049
233,97,"[223, 218, 539, 471]","[269.2420883178711, 391.9812469482422, 349.574951171875, 428.11395263671875]",0.7766693830490112,UP18Y6443,0.599061131477356
233,101,"[692, 189, 1287, 716]","[1030.6923217773438, 588.4654846191406, 1105.3605651855469, 678.782470703125]",0.37597203254699707,KA51NS3627,0.531743049621582
233,119,"[521, 312, 643, 490]",,,,
234,97,"[274, 225, 514, 429]",[262.57 394.83 346.43 433.31],0.0,UP14BW6443,0.8794463276863098
234,101,"[654, 242, 808, 435]",[1029.03 582.91 1103.36 679.16],0.0,KA51NS3627,0.9432041645050049
234,119,"[524, 313, 646, 489]",,,,
234,120,"[694, 209, 773, 315]",,,,
235,97,"[211, 214, 541, 481]","[255.89745330810547, 397.6707305908203, 343.27806091308594, 438.5125427246094]",0.780057430267334,UP18Y6443,0.65826815366745
235,101,"[697, 175, 1288, 716]","[1027.3638000488281, 577.36279296875, 1101.350341796875, 679.5379028320312]",0.6218838691711426,KA51NS3627,0.6197261810302734
235,119,"[527, 316, 650, 490]",,,,
235,120,"[696, 208, 773, 315]",,,,
236,97,"[274, 225, 514, 429]",[246.33 403.78 334.73 445.32],0.0,UP14BW6443,0.8794463276863098
236,119,"[531, 312, 654, 487]",,,,
236,120,"[696, 208, 774, 316]",,,,
237,97,"[274, 225, 514, 429]",[236.77 409.89 326.19 452.13],0.0,UP14BW6443,0.8794463276863098
237,110,"[10, 549, 224, 723]",,,,
237,119,"[534, 314, 659, 489]",,,,
237,120,"[696, 207, 774, 316]",,,,
238,97,"[274, 225, 514, 429]",[227.20 416.00 317.64 458.94],0.0,UP14BW6443,0.8794463276863098
238,110,"[12, 551, 223, 718]",,,,
238,119,"[536, 313, 662, 489]",,,,
238,120,"[695, 207, 773, 315]",,,,
238,130,"[710, 270, 760, 336]",,,,
239,97,"[173, 210, 538, 506]","[217.63990020751953, 422.1041717529297, 309.09539794921875, 465.7434539794922]",0.7659440040588379,UP18Y6443,0.6077302694320679
239,110,"[14, 550, 222, 714]",,,,
239,119,"[537, 314, 664, 490]",,,,
239,120,"[694, 207, 772, 315]",,,,
239,130,"[707, 270, 760, 337]",,,,
240,97,"[274, 225, 514, 429]",[204.23 429.37 297.70 474.81],0.0,UP14BW6443,0.8794463276863098
240,110,"[15, 549, 221, 711]",,,,
240,119,"[540, 312, 667, 489]",,,,
240,120,"[691, 209, 770, 317]",,,,
240,130,"[706, 270, 760, 339]",,,,
241,97,"[147, 212, 531, 526]","[190.8256721496582, 436.6433868408203, 286.3026123046875, 483.8863525390625]",0.7789015173912048,UP18Y6443,0.5797490477561951
241,119,"[540, 315, 668, 492]",,,,
241,120,"[691, 210, 769, 316]",,,,
241,130,"[704, 272, 759, 340]",,,,
242,97,"[274, 225, 514, 429]",[175.81 445.81 272.66 495.66],0.0,UP14BW6443,0.8794463276863098
242,119,"[539, 319, 667, 495]",,,,
242,120,"[688, 212, 765, 318]",,,,
242,130,"[702, 275, 758, 345]",,,,
243,97,"[117, 216, 523, 551]","[160.78895568847656, 454.9756622314453, 259.02647399902344, 507.43194580078125]",0.8022062182426453,JP14BN6443,0.7777092456817627
243,119,"[540, 319, 669, 497]",,,,
243,120,"[684, 214, 762, 317]",,,,
243,130,"[702, 278, 759, 348]",,,,
244,97,"[274, 225, 514, 429]",[143.98 467.00 245.28 520.90],0.0,UP14BW6443,0.8794463276863098
244,119,"[542, 322, 671, 500]",,,,
244,120,"[682, 218, 760, 322]",,,,
244,130,"[699, 280, 757, 351]",,,,
244,133,"[8, 541, 198, 717]",,,,
245,97,"[86, 228, 517, 581]","[127.16379928588867, 479.0325927734375, 231.5318603515625, 534.3612670898438]",0.795211911201477,UP14BN6443,0.8481179475784302
245,119,"[544, 321, 675, 500]",,,,
245,125,"[0, 278, 68, 332]",,,,
245,130,"[698, 284, 758, 355]",,,,
245,133,"[6, 543, 210, 726]",,,,
246,97,"[274, 225, 514, 429]",[108.72 489.03 215.81 547.61],0.0,UP14BW6443,0.8794463276863098
246,119,"[546, 322, 678, 502]",,,,
246,130,"[698, 285, 758, 357]",,,,
246,133,"[3, 544, 214, 728]",,,,
247,97,"[46, 231, 509, 608]","[90.27554321289062, 499.021484375, 200.09121704101562, 560.8558654785156]",0.8180667161941528,UP14BW6443,0.8794463276863098
247,119,"[549, 328, 680, 505]","[564.855863571167, 430.3982162475586, 605.0622711181641, 461.2593078613281]",0.7452147603034973,2,0.7155373692512512
247,130,"[698, 286, 760, 358]",,,,
248,97,"[274, 225, 514, 429]",[69.30 510.03 180.66 574.18],0.0,UP14BW6443,0.8794463276863098
248,119,"[552, 334, 682, 508]",,,,
248,120,"[676, 225, 756, 326]",,,,
248,130,"[697, 286, 760, 358]",,,,
249,97,"[13, 233, 505, 636]","[48.316375732421875, 521.0482788085938, 161.22413635253906, 587.5013427734375]",0.826314389705658,UP14BW6443,0.6582101583480835
249,119,"[556, 336, 684, 507]",,,,
249,120,"[675, 226, 756, 329]",,,,
249,130,"[697, 287, 761, 358]",,,,
250,119,"[560, 336, 688, 506]",,,,
250,120,"[674, 226, 756, 330]",,,,
250,130,"[697, 287, 762, 359]",,,,
251,119,"[564, 337, 693, 506]",,,,
251,120,"[673, 225, 755, 330]",,,,
251,130,"[697, 287, 763, 359]",,,,
252,119,"[568, 337, 697, 507]",,,,
252,120,"[672, 225, 754, 331]",,,,
252,130,"[696, 287, 763, 359]",,,,
253,119,"[570, 335, 699, 506]",,,,
253,120,"[670, 223, 751, 326]",,,,
253,130,"[693, 286, 762, 359]",,,,
254,119,"[571, 334, 700, 506]",,,,
254,120,"[669, 221, 748, 321]",,,,
254,130,"[690, 286, 761, 359]",,,,
255,119,"[572, 334, 701, 506]",,,,
255,120,"[667, 219, 745, 316]",,,,
255,130,"[688, 285, 760, 358]",,,,
255,138,"[945, 643, 1174, 723]",,,,
256,119,"[573, 332, 701, 505]",,,,
256,120,"[663, 218, 741, 311]",,,,
256,130,"[685, 284, 757, 357]",,,,
257,119,"[573, 333, 701, 506]",,,,
257,130,"[683, 282, 755, 355]",,,,
258,119,"[573, 333, 699, 505]",,,,
258,130,"[677, 279, 750, 352]",,,,
259,119,"[571, 334, 697, 505]",,,,
259,130,"[672, 276, 745, 349]",,,,
260,119,"[570, 334, 695, 505]",,,,
260,130,"[668, 274, 741, 348]",,,,
261,119,"[567, 336, 690, 506]",,,,
262,119,"[565, 342, 687, 508]",,,,
262,127,"[692, 269, 961, 450]","[848.6216278076172, 350.38594818115234, 916.4036407470703, 374.48974609375]",0.71914142370224,FI01R31956,0.6486385464668274
262,137,"[438, 249, 601, 398]","[488.2637367248535, 311.57921981811523, 541.1206359863281, 330.05310821533203]",0.6976613402366638,NG51B8050,0.6234846115112305
262,140,"[915, 649, 1118, 719]",,,,
263,127,"[692, 269, 961, 450]",[849.20 350.23 917.06 374.46],0.0,KA01NS4956,0.7881858944892883
263,137,"[438, 249, 601, 398]",[481.68 311.65 535.61 330.57],0.0,NA51AR0502,0.8570998907089233
263,140,"[919, 646, 1123, 718]",,,,
264,127,"[684, 266, 964, 452]","[849.77734375, 350.0651321411133, 917.714111328125, 374.4312744140625]",0.730331540107727,KR01NS4956,0.6757407784461975
264,130,"[655, 265, 724, 323]",,,,
264,137,"[422, 246, 593, 401]","[475.0948905944824, 311.71842193603516, 530.099365234375, 331.08631896972656]",0.7257534861564636,EA51OZ0507,0.7549599409103394
264,140,"[919, 643, 1125, 718]",,,,
265,127,"[692, 269, 961, 450]",[850.79 351.16 919.31 376.22],0.0,KA01NS4956,0.7881858944892883
265,137,"[438, 249, 601, 398]",[468.87 312.60 524.87 332.10],0.0,NA51AR0502,0.8570998907089233
265,140,"[922, 641, 1127, 718]",,,,
266,127,"[678, 265, 968, 458]","[851.7964477539062, 352.2617950439453, 920.9095153808594, 378.01256561279297]",0.7331709861755371,K1NS956,0.743802011013031
266,137,"[407, 246, 585, 407]","[462.6506233215332, 313.4868469238281, 519.6471328735352, 333.1129913330078]",0.7253637313842773,EA51OZ0507,0.5328629016876221
266,141,"[49, 182, 290, 317]",,,,
266,142,"[163, 260, 273, 330]",,,,
267,127,"[692, 269, 961, 450]",[852.42 353.00 923.54 378.93],0.0,KA01NS4956,0.7881858944892883
267,137,"[438, 249, 601, 398]",[455.94 313.91 514.02 333.98],0.0,NA51AR0502,0.8570998907089233
267,141,"[38, 181, 280, 316]",,,,
267,142,"[140, 258, 261, 331]",,,,
268,127,"[672, 264, 972, 462]","[853.0410003662109, 353.7461395263672, 926.1693115234375, 379.8567199707031]",0.7414985299110413,K1NS956,0.7043967247009277
268,130,"[639, 269, 709, 338]",,,,
268,137,"[392, 243, 576, 411]","[449.22225189208984, 314.33678436279297, 508.3875427246094, 334.8465042114258]",0.7332514524459839,EA51OZ0507,0.6410841345787048
268,141,"[29, 179, 267, 305]",,,,
268,142,"[106, 257, 250, 338]",,,,
269,127,"[692, 269, 961, 450]",[853.70 354.38 927.71 380.92],0.0,KA01NS4956,0.7881858944892883
269,130,"[637, 271, 706, 339]",,,,
269,137,"[438, 249, 601, 398]",[442.30 314.74 502.36 335.56],0.0,NA51AR0502,0.8570998907089233
269,140,"[928, 642, 1132, 719]",,,,
269,142,"[73, 257, 242, 346]",,,,
270,127,"[665, 261, 975, 465]","[854.3642272949219, 355.0043487548828, 929.2492370605469, 381.97369384765625]",0.7304070591926575,K1NS956,0.7051501274108887
270,130,"[635, 264, 703, 327]",,,,
270,137,"[378, 241, 569, 415]","[435.3702507019043, 315.1483840942383, 496.33045196533203, 336.2637481689453]",0.7397772669792175,EA51OZ0507,0.5762961506843567
270,140,"[929, 642, 1133, 719]",,,,
270,142,"[60, 258, 241, 351]",,,,
270,146,"[337, 249, 408, 304]",,,,
271,127,"[692, 269, 961, 450]",[855.84 356.06 932.00 383.63],0.0,KA01NS4956,0.7881858944892883
271,130,"[633, 266, 701, 331]",,,,
271,137,"[438, 249, 601, 398]",[428.81 315.67 491.48 337.44],0.0,NA51AR0502,0.8570998907089233
271,140,"[932, 642, 1135, 719]",,,,
271,142,"[43, 256, 235, 355]",,,,
271,146,"[333, 247, 403, 301]",,,,
272,127,"[660, 260, 979, 468]","[857.3192596435547, 357.11202239990234, 934.7530822753906, 385.28113555908203]",0.7310982942581177,IX10IS4955,0.7772647142410278
272,130,"[630, 266, 698, 334]",,,,
272,137,"[362, 238, 560, 418]","[422.24393463134766, 316.1955261230469, 486.62335205078125, 338.6132278442383]",0.7294413447380066,NA51AR0502,0.8570998907089233
272,140,"[933, 642, 1134, 719]",,,,
272,141,"[-8, 184, 234, 323]",,,,
272,142,"[31, 254, 229, 357]",,,,
272,146,"[328, 246, 397, 302]",,,,
272,147,"[231, 334, 305, 430]",,,,
273,111,"[537, 380, 644, 540]","[568.4514541625977, 468.34112548828125, 621.500617980957, 502.51727294921875]",0.7987313866615295,X18,0.6063684225082397
273,127,"[692, 269, 961, 450]",[859.58 358.95 937.47 387.35],0.0,KA01NS4956,0.7881858944892883
273,130,"[627, 263, 696, 327]",,,,
273,137,"[438, 249, 601, 398]",[416.50 316.99 481.77 340.04],0.0,NA51AR0502,0.8570998907089233
273,140,"[934, 644, 1134, 720]",,,,
273,141,"[-11, 182, 226, 325]",,,,
273,142,"[20, 251, 222, 357]",,,,
273,147,"[223, 327, 299, 429]",,,,
274,111,"[524, 383, 643, 576]",[567.17 472.98 621.19 507.77],0.0,138,0.9681224226951599
274,127,"[656, 260, 985, 473]","[861.8449859619141, 360.79769134521484, 940.1949768066406, 389.4264831542969]",0.7296614050865173,IX10IS4955,0.6449724435806274
274,130,"[625, 262, 695, 323]",,,,
274,137,"[349, 236, 555, 423]","[410.74756622314453, 317.78961181640625, 476.9214630126953, 341.4607391357422]",0.7413762807846069,NA51AR0502,0.707295835018158
274,141,"[-11, 178, 218, 323]",,,,
274,142,"[13, 250, 214, 359]",,,,
275,111,"[524, 383, 643, 576]",[565.90 477.62 620.88 513.02],0.0,138,0.9681224226951599
275,127,"[692, 269, 961, 450]",[863.62 361.29 942.91 390.36],0.0,KA01NS4956,0.7881858944892883
275,130,"[624, 261, 695, 322]",,,,
275,137,"[438, 249, 601, 398]",[405.20 318.01 472.70 341.91],0.0,NA51AR0502,0.8570998907089233
275,141,"[-12, 175, 210, 321]",,,,
275,142,"[5, 248, 205, 359]",,,,
276,111,"[524, 383, 643, 576]",[564.62 482.26 620.57 518.27],0.0,138,0.9681224226951599
276,127,"[653, 259, 991, 478]","[865.3920593261719, 361.7854537963867, 945.6172485351562, 391.2998809814453]",0.7267311811447144,IX10IS4955,0.7154344320297241
276,130,"[622, 264, 694, 329]",,,,
276,137,"[336, 233, 549, 426]","[399.6541938781738, 318.2256622314453, 468.47706604003906, 342.36781311035156]",0.7414916157722473,NA51AR0502,0.8039007782936096
276,141,"[-12, 172, 200, 318]",,,,
276,142,"[0, 246, 198, 359]",,,,
276,150,"[206, 293, 304, 431]",,,,
277,111,"[520, 358, 646, 557]","[563.3455200195312, 486.90447998046875, 620.2643966674805, 523.5227661132812]",0.8169190287590027,TXL16R,0.7541337609291077
277,127,"[692, 269, 961, 450]",[866.12 361.55 946.97 391.43],0.0,KA01NS4956,0.7881858944892883
277,130,"[622, 264, 694, 332]",,,,
277,137,"[438, 249, 601, 398]",[396.85 318.19 466.12 342.76],0.0,NA51AR0502,0.8570998907089233
277,141,"[-10, 171, 196, 317]",,,,
277,142,"[-1, 245, 195, 359]",,,,
277,150,"[204, 292, 304, 431]",,,,
277,152,"[-1, 406, 224, 713]",,,,
278,111,"[524, 383, 643, 576]",[561.81 493.89 620.76 532.12],0.0,138,0.9681224226951599
278,127,"[651, 258, 995, 480]","[866.8533172607422, 361.3189163208008, 948.3135375976562, 391.56024169921875]",0.7374594211578369,IX10IS4955,0.7388635873794556
278,130,"[620, 263, 693, 333]",,,,
278,137,"[328, 231, 547, 429]","[394.04308319091797, 318.14954376220703, 463.7666931152344, 343.14854431152344]",0.7354309558868408,NA51AR0502,0.7163682579994202
278,141,"[-10, 170, 189, 317]",,,,
278,142,"[-4, 245, 189, 358]",,,,
278,150,"[200, 288, 303, 430]",,,,
278,152,"[0, 427, 219, 719]",,,,
279,111,"[513, 379, 644, 580]","[560.2645301818848, 500.8749237060547, 621.2552185058594, 540.7240753173828]",0.8142143487930298,138,0.9681224226951599
279,127,"[692, 269, 961, 450]",[867.37 361.40 948.95 391.89],0.0,KA01NS4956,0.7881858944892883
279,130,"[618, 261, 692, 334]",,,,
279,137,"[438, 249, 601, 398]",[391.25 317.91 461.26 343.39],0.0,NA51AR0502,0.8570998907089233
279,141,"[-9, 167, 181, 313]",,,,
279,142,"[-5, 244, 183, 357]",,,,
279,150,"[196, 284, 302, 428]",,,,
280,111,"[524, 383, 643, 576]",[559.71 504.59 620.75 544.03],0.0,138,0.9681224226951599
280,127,"[649, 256, 997, 483]","[867.8779296875, 361.490966796875, 949.5948181152344, 392.22349548339844]",0.7450807690620422,IX10IS4955,0.7770286798477173
280,130,"[617, 260, 692, 335]",,,,
280,137,"[320, 230, 547, 432]","[388.4657974243164, 317.6682662963867, 458.7603454589844, 343.63477325439453]",0.6915950775146484,NA51AR0502,0.8036790490150452
280,141,"[-7, 167, 178, 313]",,,,
280,142,"[-4, 244, 180, 356]",,,,
280,150,"[194, 280, 303, 427]",,,,
280,151,"[745, 202, 1281, 638]","[869.0009765625, 361.5331115722656, 950.1645660400391, 391.57135009765625]",0.688687264919281,XR01NS4956,0.7951968908309937
281,111,"[512, 389, 646, 592]","[559.15869140625, 508.3133239746094, 620.2352523803711, 547.3340454101562]",0.7977752089500427,138,0.9583167433738708
281,127,"[692, 269, 961, 450]",[868.26 361.96 950.17 392.72],0.0,KA01NS4956,0.7881858944892883
281,130,"[616, 259, 691, 335]",,,,
281,137,"[438, 249, 601, 398]",[385.48 318.11 457.61 343.96],0.0,NA51AR0502,0.8570998907089233
281,141,"[-8, 165, 171, 311]",,,,
281,142,"[-7, 244, 173, 356]",,,,
281,150,"[190, 279, 300, 426]",,,,
282,127,"[647, 254, 999, 484]","[868.6365509033203, 362.43865966796875, 950.7386474609375, 393.2093200683594]",0.7407479882240295,KA01NS4956,0.7881858944892883
282,130,"[615, 258, 691, 335]",,,,
282,137,"[312, 229, 540, 434]","[382.4940948486328, 318.54815673828125, 456.4537811279297, 344.27547454833984]",0.692969560623169,NA51AR0502,0.7201523184776306
282,141,"[-6, 164, 167, 311]",,,,
282,142,"[-7, 244, 170, 356]",,,,
282,150,"[189, 279, 300, 425]",,,,
